{
  "page": 265,
  "totalPages": 283,
  "text": "&#x2009; = &#x2009; 1 2 x | f &#x2032; ( 0 ) | &#x2009; = &#x2009; &#x221E; &#x2009; &#x21D2; &#x2009; unstable f &#x2032; ( 1 ) &#x2009; = &#x2009; 1 2 &#x2009; &#x21D2; &#x2009; stable Here is some numerical and graphical confirmation as well. x 0 0 0.5 1 2 x 1 0 0.707107 1 1.41421 x 2 0 0.840896 1 1.18921 x 3 0 0.917004 1 1.09051 x 4 0 0.957603 1 1.04427 x 5 0 0.978572 1 1.0219 x 6 0 0.989228 1 1.01089 x 7 0 0.994599 1 1.00543 x 8 0 0.997296 1 1.00271 x 9 0 0.998647 1 1.00135 10.1.3 x n &#x2009; + &#x2009; 1 &#x2009; = &#x2009; exp ( x n ) The fixed points occur when x &#x2009; = &#x2009; e x and there are none. As for stability, there are no fixed points, but the sequence should always be increasing. Here is some numerical and graphical confirmation as well. x 0 &#x2212;3 x 1 0.0497871 x 2 1.05105 x 3 2.86065 x 4 17.4728 10.1.5 x n &#x2009; + &#x2009; 1 &#x2009; = &#x2009; cot ( x n ) The fixed points occur when x &#x2009; = &#x2009; cot ( x ) So the fixed points are x * &#x003D; &#x2212;1, 1. As for stability, f ( x ) &#x2009; = &#x2009; cot ( x ) f &#x2032; ( x ) &#x2009; = &#x2009; &#x2212; csc 2 ( x ) f &#x2032; ( 1 ) &#x2009; &#x2248; &#x2009; &#x2212; 1.41 &#x2009; &#x21D2; &#x2009; unstable f &#x2032; ( &#x2212; 1 ) &#x2009; &#x2248; &#x2009; &#x2212; 1.41 &#x2009; &#x21D2; &#x2009; unstable Here is some numerical and graphical confirmation as well. 10.1.7 x n &#x2009; + &#x2009; 1 &#x2009; = &#x2009; sinh ( x n ) The fixed points occur when x &#x2009; = &#x2009; sinh ( x ) So the fixed point is x * &#x003D; 0. As for stability, f ( x ) = &#x2009; sinh ( x ) f &#x2032; ( x ) = &#x2009; cosh ( x ) f &#x2032; ( 0 ) = &#x2009; 1 &#x2009; &#x21D2; &#x2009; inconclusive,butthegraphshowsit'sunstable Here is some numerical and graphical confirmation as well. x 0 &#x2212;0.50000 0.50000 x 1 &#x2212;0.52110 0.52110 x 2 &#x2212;0.54500 0.54500 x 3 &#x2212;0.57238 0.57238 x 4 &#x2212;0.60415 0.60415 x 5 &#x2212;0.64158 0.64158 x 6 &#x2212;0.68651 0.68651 x 7 &#x2212;0.74173 0.74173 x 8 &#x2212;0.81163 0.81163 x 9 &#x2212;0.90372 0.90372 x 10 &#x2212;1.03186 1.03186 x 11 &#x2212;1.22497 1.22497 x 12 &#x2212;1.55515 1.55515 x 13 &#x2212;2.26231 2.26231 x 14 &#x2212;4.75059 4.75059 x 15 &#x2212;57.82220 57.82220 10.1.9 x n &#x2009; + &#x2009; 1 &#x2009; = &#x2009; 2 x n 1 &#x2009; + &#x2009; x n The fixed points occur when x &#x2009; = &#x2009; 2 x 1 &#x2009; + &#x2009; x x ( 1 &#x2009; + &#x2009; x ) &#x2009; = &#x2009; 2 x x ( x &#x2009; &#x2212; &#x2009; 1 ) &#x2009; = &#x2009; 0 So the fixed points are x * &#x003D;0, 1. As for stability, f ( x ) = &#x2009; 2 x 1 &#x2009; + &#x2009; x f &#x2032; ( x ) = &#x2009; 2 ( 1 &#x2009; &#x2212; &#x2009; x ) &#x2212; 2 x ( &#x2212; 1 ) ( 1 &#x2009; + &#x2009; x ) 2 &#x2009; = &#x2009; 2 ( 1 &#x2009; + &#x2009; x ) 2 f &#x2032; ( 0 ) = &#x2009; 2 &#x2009; &#x21D2; &#x2009; unstable f &#x2032; ( 1 ) = &#x2009; 1 2 &#x2009; &#x21D2; &#x2009; stable Here is some numerical and graphical confirmation as well. 10.1.11 x n &#x2009; + &#x2009; 1 &#x2009; = &#x2009; 3 x n &#x2009; &#x2212; &#x2009; x n 3 a) x &#x2009; = &#x2009; 3 x &#x2009; &#x2212; &#x2009; x 3 &#x21D2; &#x2009; 0 &#x2009; = &#x2009; 2 x &#x2009; &#x2212; &#x2009; x 3 &#x2009; = &#x2009; x ( x &#x2009; + &#x2009; 2 ) &#x2009; ( x &#x2009; &#x2212; 2 ) So the fixed points are x &#x2009; = &#x2009; 0 , &#x2009; &#x00B1; 2 . b) c) d) There exists a 2-cycle x n &#x003D; &#x00B1;2 &#x21D2; x n &#x002B;1 &#x003D; 3(&#x00B1;2) &#x2013; (&#x00B1;2) 3 &#x003D; &#x2213;2 and 2 &#x2192; &#x2212;2 &#x2192; 2 &#x2192; &#x00B7; &#x00B7; &#x00B7;, which is the reason for the change in behavior from x 0 &#x003D; 1.9 to x 0 &#x003D; 2.1. If &#x2212;2 &#x003C; x n &#x003C; 2 then &#x2212; 2 &#x2009; &#x003C; &#x2009; x n &#x2009; + &#x2009; 1 &#x2009; = &#x2009; 3 x n &#x2009; &#x2212; &#x2009; x n 3 &#x2009; &#x003C; 2 simply because the graph fits in the box made by the 2-cycle and thus every point maps to a point in the box. As for starting outside the 2-cycle box, | x n | = &#x2009; 2 &#x2009; + &#x2009; &#x03F5; &#x2009; &#x2009; &#x2009; &#x2009; &#x03F5; &#x003E; 0 | x 1 | = &#x2009; | 3 x 0 &#x2009; &#x2212; &#x2009; x 0 3 | &#x2009; = &#x2009; | x 0 | &#x2009; | 3 &#x2009; &#x2212; &#x2009; x 0 2 | &#x2009; = &#x2009; | x 0 | &#x2009; | 3 &#x2009; &#x2212; ( 2 &#x2009; + &#x2009; &#x03F5; ) 2 | = &#x2009; | x 0 | &#x2009; | 3 &#x2009; &#x2212; &#x2009; ( 4 &#x2009; + &#x2009; 2 &#x03F5; &#x2009; + &#x2009; &#x03F5; 2 ) | &#x2009; = &#x2009; | x 0 | &#x2009; | &#x2212; 1 &#x2009; &#x2212; 2 &#x03F5; &#x2009; &#x2212; &#x2009; &#x03F5; 2 ) | = &#x2009; | x 0 | &#x2009; ( 1 &#x2009; + &#x2009; 2 &#x03F5; &#x2009; + &#x2009; &#x03F5; 2 ) | x n | &#x2009; = &#x2009; | x 0 | &#x2009; ( 1 &#x2009; + &#x2009; 2 &#x03F5; &#x2009; + &#x2009; &#x03F5; 2 ) n &#x2009; &#x21D2; &#x2009; lim n &#x2009; &#x2192; &#x2009; &#x221E; &#x2009; &#x2009; | x n | &#x2009; = &#x2009; &#x221E; So the iteration map will always be increasing in magnitude and spiraling away from the 2-cycle. 10.1.13 x n &#x2009; + &#x2009; 1 = &#x2009; f ( x n ) &#x2009; = &#x2009; x n &#x2009; &#x2212; &#x2009;"
}