{
  "page": 271,
  "totalPages": 283,
  "text": "* ) | &#x2009; = &#x2009; ln | &#x2212; 1 | = &#x2009; ln ( 1 ) &#x2009; = &#x2009; 0 This shows &#x03BB; &#x003D; 0 at r &#x003D; r 1 for the logistic map. Next, consider where period-2 bifurcates to period-4: At r &#x003D; r 2 , we have period-2 points p, q with f ( p ) &#x003D; q, f ( q ) &#x003D; p , ( f 2 )&#x2032;( p ) &#x003D; &#x2212;1, and ( f 2 )&#x2032;( q ) &#x003D; &#x2212;1, so f &#x2032;( f ( p )) f &#x2032;( q ) &#x003D; &#x2212;1; i.e., f &#x2032;( p ) f &#x2032;( q ) &#x003D; &#x2212;1. Consider the sequence &#x007B; a n &#x007D; in the definition of the Liapunov exponent: lim n &#x2192; &#x221E; &#x2009; a n &#x2009; = &#x2009; &#x03BB; a n &#x2009; = &#x2009; 1 n ln ( &#x220F; i = 0 n &#x2212; 1 | f &#x2032; ( x i ) | ) a 1 &#x2009; = &#x2009; 1 1 ln ( | f &#x2032; ( x 0 ) | ) &#x2009; = &#x2009; ln ( | f &#x2032; ( p ) | ) a 2 &#x2009; = &#x2009; 1 2 ln ( | f &#x2032; ( x 0 ) | | f &#x2032; ( x 1 ) | ) &#x2009; = &#x2009; 1 2 ln ( | f &#x2032; ( p ) f &#x2032; ( q ) | ) &#x2009; &#x2009; &#x2009; &#x2009; &#x2009; = &#x2009; 1 2 ln ( | &#x2212; 1 | ) &#x2009; = &#x2009; 0 &#x2009; &#x2009; &#x2009; Since &#x2009; f &#x2032; ( p ) f &#x2032; ( q ) &#x2009; = &#x2009; &#x2212; 1 &#x2009; when &#x2009; r &#x2009; = &#x2009; r 2 a 3 &#x2009; = &#x2009; 1 3 ln ( | f &#x2032; ( x 0 ) f &#x2032; ( x 1 ) f &#x2032; ( x 2 ) | ) &#x2009; &#x2009; &#x2009; &#x2009; &#x2009; = &#x2009; 1 3 ln ( | f &#x2032; ( p ) f &#x2032; ( q ) f &#x2032; ( p ) | ) &#x2009; = &#x2009; 1 3 ln ( | ( &#x2212; 1 ) f &#x2032; ( p ) | ) &#x2009; &#x2009; &#x2009; &#x2009; &#x2009; = &#x2009; 1 3 ln | f &#x2032; ( p ) | In general { a 2 k &#x2009; + &#x2009; 1 &#x2009; = &#x2009; 1 2 k &#x2009; + &#x2009; 1 &#x2009; ln | f &#x2032; ( p ) | a 2 k &#x2009; = &#x2009; 0 and as k &#x2192; &#x221E;, this means a 2 k &#x002B;1 &#x2192; 0 and therefore a n &#x2192; 0 as n &#x2192; &#x221E; &#x21D2; &#x03BB; &#x003D; 0 at r &#x003D; r 2 . The same idea works at higher r m . 10.6 Universality and Experiments 10.6.1 a) See the solution to Exercise 10.2.3 for the psuedocode. b) Zooming in on the orbit diagram further and further with many more iterations gives the approximate r i values. r 1 &#x2009; &#x2248; &#x2009; 0.71994 r 2 &#x2009; &#x2248; &#x2009; 0.83326 r 3 &#x2009; &#x2248; &#x2009; 0.85861 r 4 &#x2009; &#x2248; &#x2009; 0.86408 r 5 &#x2009; &#x2248; &#x2009; 0.86526 r 6 &#x2009; &#x2248; &#x2009; 0.86551 c) r 2 &#x2212; r 1 r 3 &#x2212; r 2 &#x2009; &#x2248; &#x2009; 4.47022 r 3 &#x2212; r 2 r 4 &#x2212; r 3 &#x2009; &#x2248; &#x2009; 4.63437 r 4 &#x2212; r 3 r 5 &#x2212; r 4 &#x2009; &#x2248; &#x2009; 4.63559 r 5 &#x2212; r 4 r 6 &#x2212; r 5 &#x2009; &#x2248; &#x2009; 4.72 The first few numbers look like they&#x2019;re converging to Feigenbaum &#x03B4; &#x003D; 4.669201609&#x2026;, except the last one because five significant figures are not enough since the r i values are getting so close together. 10.6.3 a) Logistic map with r &#x003D; 3.6275575 Sine map with r &#x003D; 0.8811406 b) The iteration pattern for both cycles is RLRRR. 10.6.5 a) Logistic map with r &#x003D; 3.39057065 5-cycle If you look very carefully you can see that this one doesn&#x2019;t complete. See part (b). Logistic map with r &#x003D; 3.9375364 6-cycle Logistic map with r &#x003D; 3.9602701 4-cycle Logistic map with r &#x003D; 3.9777664 6-cycle Logistic map with r &#x003D; 3.9902670 5-cycle Logistic map with r &#x003D; 3.9975831 6-cycle b) The logistic map with r &#x003D; 3.39057065 was supposed to have a 5-cycle when we plotted the cobweb, but the numerical simulation didn&#x2019;t complete. The cobweb wasn&#x2019;t truncated in this graph. Instead the trajectory got stuck in the following pattern. The trajectory alternates from x &#x2248; 0.454357 to x &#x2248; 0.840579, which turns out to be a 2-cycle of the map. The derivative evaluates to approximately ( f ( f ( x )))&#x2032; &#x003D; &#x2212;0.71503 at the two alternating x coordinates, so this is a stable 2-cycle. The 5-cycle passes very close by this stable 2-cycle and was trapped due to roundoff error. 10.7 Renormalization 10.7.1 a) g ( x ) &#x2009; = &#x2009; 1 &#x2009; + &#x2009; c 2 &#x2009; x 2 g ( x ) &#x2009; = &#x2009; &#x03B1; g 2 ( x &#x03B1; ) 1 &#x2009; + &#x2009; c 2 x 2 &#x2009; = &#x2009; &#x03B1; ( 1 &#x2009; + &#x2009; c 2 ) &#x2009; + &#x2009; 2 c 2 2 x 2 &#x03B1; + O ( x 3 ) 1 &#x2009; = &#x2009; &#x03B1; ( 1 &#x2009; + &#x2009; c 2 ) &#x2009; &#x2009; &#x2009; c 2 &#x2009; = &#x2009; 2 c 2 2 &#x03B1; &#x21D2; &#x2009; ( &#x03B1; , &#x2009; c 2 ) &#x2009; = &#x2009; { ( 1 , 0 ) ( &#x2212; 1 &#x2212; 3 , &#x2009; &#x2212; 1 &#x2212; 3 2 ) &#x2009; &#x2248; &#x2009; ( &#x2212; 2.73205 , &#x2009; &#x2212; 1.36603 ) ( &#x2212; 1 + 3 , &#x2009; &#x2212; 1 + 3 2 ) &#x2009; &#x2248; &#x2009; ( 0.732051 , &#x2009; 0.366025 ) We want the second solution since that has &#x03B1; closest to Feigenbaum &#x03B1; &#x003D; &#x2212;2.5&#x2026; b) g ( x ) &#x2009; = &#x2009; 1 &#x2009; + &#x2009; c 2 x 2 &#x2009; +"
}