{
  "page": 272,
  "totalPages": 283,
  "text": "&#x2009; c 4 x 4 g ( x ) &#x2009; = &#x2009; &#x03B1; g 2 ( x &#x03B1; ) 1 + c 2 x 2 + c 4 x 4 = &#x2009; &#x03B1; ( 1 + c 2 + c 4 ) + 2 ( c 2 2 + 2 c 2 c 4 ) x 2 &#x03B1; &#x2009; &#x2009; &#x2009; &#x2009; &#x2009; &#x2009; &#x2009; &#x2009; &#x2009; &#x2009; &#x2009; &#x2009; &#x2009; &#x2009; &#x2009; &#x2009; &#x2009; &#x2009; &#x2009; &#x2009; &#x2009; &#x2009; &#x2009; &#x2009; &#x2009; &#x2009; &#x2009; &#x2009; &#x2009; &#x2009; &#x2009; &#x2009; &#x2009; &#x2009; &#x2009; &#x2009; &#x2009; &#x2009; &#x2009; + ( c 2 3 + 6 c 2 2 c 4 + 2 c 2 c 4 + c 4 2 ) x 4 &#x03B1; 3 + O ( x 5 ) 1 &#x2009; = &#x2009; &#x03B1; ( 1 + c 2 + c 4 ) &#x2009; &#x2009; c 2 &#x2009; = &#x2009; 2 ( c 2 2 + 2 c 2 c 4 ) &#x03B1; &#x2009; &#x2009; &#x2009; c 4 &#x2009; = &#x2009; ( c 2 3 + 6 c 2 2 c 4 + 2 c 2 c 4 + c 4 2 ) &#x03B1; 3 We can use the first and second equations to solve for c 2 and c 4 in terms of &#x03B1; . c 2 &#x2009; = &#x2009; &#x2212; 2 + 2 &#x03B1; &#x2212; &#x03B1; 2 &#x2009; &#x2009; &#x2009; c 4 &#x2009; = &#x2009; 1 &#x2212; 1 &#x03B1; + &#x03B1; 2 Then we can substitute into the third equation to obtain a polynomial in &#x03B1; . 4 &#x03B1; 2 + 3 &#x03B1; 5 &#x2212; 60 &#x03B1; 4 &#x2212; 104 &#x03B1; 3 + 168 &#x03B1; 2 + 240 &#x03B1; &#x2212; 384 + 128 &#x03B1; &#x2009; = &#x2009; 0 The root that is closest to the Feigenbaum &#x03B1; &#x003D; &#x2212;2.534&#x2026; with corresponding c 2 and c 4 is &#x03B1; &#x2009; = &#x2009; &#x2212; 2.53403&#x2026; &#x2009; &#x2009; &#x2009; c 2 &#x2009; = &#x2009; &#x2212; 1.52224&#x2026; &#x2009; &#x2009; &#x2009; c 4 &#x2009; = &#x2009; 0.12761&#x2026; 10.7.3 Suppose g ( x ) &#x2009; = &#x2009; &#x03B1; g ( g ( x &#x03B1; ) ) for all x . Then replace x with x &#x03BC; to get g ( x &#x03BC; ) &#x2009; = &#x2009; &#x03B1; g ( g ( x &#x03BC; &#x03B1; ) ) Multiply both sides by &#x03BC; to get &#x03BC; g ( x &#x03BC; ) &#x2009; = &#x2009; &#x03BC; &#x03B1; g ( g ( x &#x03BC; &#x03B1; ) ) (1) Let h ( x ) &#x2009; = &#x2009; &#x03BC; g ( x &#x03BC; ) (2) We want to show that h satisfies the same equation as g with the same &#x03B1; . From Equation (1) , we get (after using &#x03BC;&#x03B1; &#x003D; &#x03B1;&#x03BC; ) h ( x ) &#x2009; = &#x2009; &#x03BC; g ( x &#x03BC; ) &#x2009; = &#x2009; &#x03BC; &#x03B1; g ( g ( x &#x03BC; &#x03B1; ) ) &#x2009; = &#x2009; &#x03B1; &#x03BC; g ( g ( x &#x03BC; &#x03B1; ) ) (3) Compare &#x03B1; h ( h ( x &#x03B1; ) ) , which gives &#x03B1; h ( h ( x &#x03B1; ) ) = &#x2009; &#x03B1; h ( &#x03BC; g ( x &#x03B1; &#x03BC; ) ) &#x2009; &#x2009; &#x2009; &#x2009; &#x2009; &#x2009; &#x2009; innerargumentequalityfromEquation(2) = &#x2009; &#x03B1; &#x03BC; g ( &#x03BC; g ( x &#x03B1; &#x03BC; ) &#x03BC; ) &#x2009; &#x2009; &#x2009; &#x2009; &#x2009; &#x2009; &#x2009; againfromEquation(2) = &#x2009; &#x03B1; &#x03BC; g ( &#x03BC; g ( x &#x03B1; &#x03BC; ) &#x03BC; ) &#x2009; &#x2009; &#x2009; &#x2009; &#x2009; &#x2009; &#x2009; cancelinfraction = &#x2009; h ( x ) &#x2009; &#x2009; &#x2009; &#x2009; &#x2009; &#x2009; &#x2009; fromEquation(3) So h satisfies the functional equation with the same &#x03B1; . 10.7.5 a) From Example 10.7.1, we know that for f ( x, r ) &#x003D; r &#x2013; x 2 we have R 0 &#x003D; 0 and R 1 &#x003D; 1. Thus f ( x , &#x2009; R 0 ) &#x2009; = &#x2009; &#x2212; x 2 &#x2009; &#x2009; &#x2009; &#x2009; &#x2009; &#x2009; &#x2009; &#x2009; &#x2009; f ( x , &#x2009; r 1 ) &#x2009; = &#x2009; 1 &#x2212; x 2 Hence &#x03B1; f ( f ( x &#x03B1; , 1 ) , 1 ) = &#x2009; &#x03B1; ( [ f ( x &#x03B1; , 1 ) ] 2 ) &#x2009; = &#x2009; &#x03B1; [ 1 &#x2212; ( 1 &#x2212; [ x &#x03B1; ] 2 ) 2 ] = &#x2009; &#x03B1; [ 1 &#x2212; ( 1 &#x2212; 2 x 2 &#x03B1; 2 + x 4 &#x03B1; 4 ) ] &#x2009; = &#x2009; 2 x 2 &#x03B1; &#x2212; x 4 &#x03B1; 3 b) Matching O ( x 2 ) terms f ( x , &#x2009; r 0 ) &#x2009; = &#x2009; &#x2212; x 2 &#x2009; &#x2009; &#x2009; &#x2009; &#x2009; &#x2009; &#x2009; &#x2009; &#x03B1; f 2 ( x &#x03B1; , &#x2009; 1 ) &#x2009; = &#x2009; 2 x 2 &#x03B1; + O ( x 4 ) &#x21D2; &#x2212; 1 &#x2009; = &#x2009; 2 &#x03B1; and hence &#x03B1; &#x003D; &#x2212;2. 10.7.7 Redoing Exercise 10.7.1 part (a) g ( x ) &#x2009; = &#x2009; &#x03B1; g ( g ( x &#x03B1; ) ) 1 &#x2009; + &#x2009; c 1 x 4 &#x2009; = &#x2009; &#x03B1; ( 1 + &#x2009; c 1 ) &#x2009; + 4 c 1 2 x 4 &#x03B1; 3 + O ( x 5 ) 1 &#x2009; = &#x2009; &#x03B1; ( 1 + c 1 ) &#x2009; &#x2009; &#x2009; &#x2009; c 1 &#x2009; = &#x2009; 4 c 1 2 &#x03B1; 3 &#x21D2; &#x03B1; = &#x2212; 1.83509&#x2026; &#x2009; &#x2009; &#x2009; &#x2009; &#x2009; c 1 &#x2009; = &#x2009; &#x2212; 1.54493&#x2026; We chose the &#x03B1; and c 1 negative roots as found in the quadratic case. Redoing Exercise 10.7.1 part (b) g ( x ) &#x2009; = &#x2009; &#x03B1; g ( g ( x &#x03B1; ) ) 1 + c 1 x 4 + c 2 x 8 = &#x2009; &#x03B1; ( 1 + c 1 + c 2 ) + 4 ( c 1 2 + 2 c 1 c 2 ) x 4"
}