{
  "page": 273,
  "totalPages": 283,
  "text": "&#x03B1; 3 + 2 ( 3 c 1 3 + 14 c 1 2 c 2 + 2 c 1 c 2 + 4 c 2 2 ) x 8 &#x03B1; 7 + O ( x 9 ) 1 &#x2009; = &#x2009; &#x03B1; ( 1 + c 1 + c 2 ) &#x2009; &#x2009; &#x2009; &#x2009; &#x2009; &#x2009; c 1 &#x2009; = &#x2009; 4 ( c 1 2 + 2 c 1 c 2 ) &#x03B1; 3 c 2 &#x2009; = &#x2009; 2 ( 3 c 1 3 + 14 c 1 2 c 2 + 2 c 1 c 2 + 4 c 2 2 ) &#x03B1; 7 Solving for &#x03B1; in the first equation gives &#x03B1; &#x2009; = &#x2009; 1 1 + c 1 + c 2 Solving for c 1 and c 2 in the second and third equations gives c 1 &#x2009; = &#x2009; &#x2212; 2 + 2 &#x03B1; &#x2212; &#x03B1; 3 4 &#x2009; &#x2009; &#x2009; &#x2009; &#x2009; &#x2009; c 2 &#x2009; = &#x2009; 1 &#x2212; 1 &#x03B1; + &#x03B1; 3 4 And then plug in to obtain a polynomial in &#x03B1; . 8 &#x03B1; ( 256 + 768 &#x03B1; 2 + 308 &#x03B1; 5 + 26 &#x03B1; 8 + 4 &#x03B1; 10 + &#x03B1; 13 ) &#x2009; = &#x2009; 6144 + 2048 &#x03B1; 2 + 1216 &#x03B1; 3 + 1248 &#x03B1; 5 + 248 &#x03B1; 8 + 11 &#x03B1; 11 which has relevant root and corresponding coefficients &#x03B1; &#x2009; = &#x2009; &#x2212; 1.732354430&#x2026; &#x2009; &#x2009; &#x2009; &#x2009; &#x2009; &#x2009; c 1 &#x2009; = &#x2009; &#x2212; 1.85478&#x2026; &#x2009; &#x2009; &#x2009; &#x2009; &#x2009; &#x2009; c 2 &#x2009; = &#x2009; 0.277528&#x2026; Redoing Exercise 10.7.5 part (a) f ( x ) &#x2009; = &#x2009; r &#x2212; x 4 Clearly R 0 &#x003D; 0 since f (0) &#x003D; 0 when r &#x003D; 0. Now we can find R 1 by demanding f ( f (0)) &#x003D; 0, which has relevant root r &#x003D; 1. So R 1 &#x003D; 1 as in the quadratic case. Redoing Exercise 10.7.5 part (b), we match the leading order terms in f ( x , &#x2009; R 0 ) &#x2009; = &#x2009; &#x03B1; f 2 ( x &#x03B1; , &#x2009; R 1 ) &#x2212; x 4 = &#x2009; 4 x 4 &#x03B1; 3 + O ( x 5 ) &#x21D2; &#x03B1; = &#x2212; 2 2 3 &#x2009; = &#x2009; &#x2212; 1.58740&#x2026; Numerically solving f 2 n ( x , &#x2009; R n ) | x = 0 = 0 gives R 0 = &#x2009; 0 &#x2009; &#x2009; &#x2009; &#x2009; R 1 &#x2009; = &#x2009; 1 &#x2009; &#x2009; &#x2009; &#x2009; R 2 &#x2009; = &#x2009; 1.14571 &#x2026; &#x2009; &#x2009; &#x2009; &#x2009; R 3 &#x2009; = &#x2009; 1.16527&#x2026; R 4 = &#x2009; 1.16794&#x2026; &#x2009; &#x2009; &#x2009; &#x2009; R 5 &#x2009; = &#x2009; 1.16831&#x2026; And using these to estimate &#x03B4; &#x03B4; &#x2009; &#x2248; &#x2009; R 4 &#x2212; R 3 R 5 &#x2212; R 4 &#x2009; &#x2248; &#x2009; 7.30235 For the fourth-degree case, Briggs (1991) finds numerically that the true &#x03B4; &#x003D; 7.2846862171&#x2026; &#x03B1; &#x003D; &#x2212; 1.6903029714 &#x2026;, which is close to our calculation. 10.7.9 Following Exercise 10.7.8, we rescale x by a factor of &#x03B1; and observe that the second iterate f 2 resembles f near the bifurcation point x &#x003D; 0, r &#x003D; 0. This gives g ( x ) &#x2009; = &#x2009; &#x03B1; g ( g ( x &#x03B1; ) ) The boundary conditions are g (0) &#x003D; 1 and g &#x2032;(0) &#x003D; 1 because of this tangency condition at the bifurcation. a) Try g ( x ) &#x2009; = &#x2009; x 1 &#x2009; + &#x2009; a x Then &#x03B1; g ( g ( x &#x03B1; ) ) &#x2009; = &#x2009; x ( 1 + a x &#x03B1; ) &#x2009; ( 1 + a x ( 1 + a x &#x03B1; ) &#x03B1; ) = x &#x03B1; 2 a x &#x2009; + &#x2009; &#x03B1; which has the same form as g ( x ) and equals g ( x ) when g ( x ) &#x2009; = &#x2009; x 1 + a x &#x2009; = &#x2009; x &#x03B1; 2 a x + &#x03B1; &#x2009; = &#x2009; &#x03B1; g ( g ( x &#x03B1; ) ) &#x21D2; &#x03B1; = 2 which works for all a . b) &#x03B1; &#x003D; 2 is (almost) obvious because the steps to find g 2 are twice as long as those for g , as discussed in Exercise 10.7.8 part (c). Otherwise g and g 2 have the same dynamics&#x2013;namely, slow passage through a bottleneck. 10.7.11 &#x03BC; k &#x2009; = &#x2009; &#x2212; 2 + 6 + &#x03BC; k &#x2212; 1 &#x2009; = &#x2009; f ( &#x03BC; k &#x2212; 1 ) The graph and cobweb of f are If we start from &#x03BC; 1 &#x003D; 0, we see &#x03BC; k &#x2192; &#x03BC; * &#x003E; 0, where &#x03BC; * = &#x2009; &#x2212; 2 + 6 + &#x03BC; * &#x2009; &#x21D2; &#x2009; &#x03BC; * &#x2009; = &#x2009; &#x2212; 3 + 17 2 as in the text. 11 Fractals 11.1 Countable and Uncountable Sets 11.1.1 The same argument is not valid because the constructed r is not necessarily rational. What if we pick the order of our list to be such that r &#x2009; = &#x2009; 1 2 when we&#x2019;re done? 1 2 = &#x2009; 0.707106 &#x2026; x 1 = &#x2009; 0.6 x 1 , 2 x 1 , 3 x 1 , 4 x 1 , 5 x 1 , 6 &#x2026; x 2 = &#x2009; 0. x 2 , 1 9 x 2 , 3 x 2 , 4 x 2 , 5 x 2 , 6 &#x2026; x 3 = &#x2009; 0. x 3 , 1 x 3 , 2 6 x 3 , 4 x 3 , 5 x 3 , 6 &#x2026; x 4 = &#x2009; 0. x 4 , 1 x 4 , 2 x 4 , 3 0 x 4 , 5 x 4 , 6 &#x2026; x 5 = &#x2009; 0. x 5 , 1 x 5 ,"
}