{
  "page": 281,
  "totalPages": 283,
  "text": "y 4 = &#x2009; &#x2212; 3.40741 x &#x2212; 4.11185 We need to ensure that the top and bottom lines L 1 and L 3 bound the y value of the transformation for every given x value in the transformation. H 1 : &#x2009; x = 0.42 &#x2212; 0.287 t + 1 &#x2212; a ( &#x2212; 1.33 + 2.65 t ) 2 y 1 = &#x2009; &#x2212; 0.108302 ( 0.42 &#x2212; 0.287 t + 1 &#x2212; 1.4 ( &#x2212; 1.33 + 2.65 t ) 2 ) + 0.275958 = &#x2009; 1.06477 t 2 &#x2212; 1.03771 t + 0.390375 y 3 = &#x2009; 0.156182 ( 0.42 &#x2212; 0.287 t + 1 &#x2212; 1.4 ( &#x2212; 1.33 + 2.65 t ) 2 ) &#x2212; 0.334447 = &#x2009; &#x2212; 1.5355 t 2 + 1.49647 t &#x2212; 0.499447 y 3 &#x2264; &#x2009; 0.3 ( &#x2212; 1.33 + 2.65 t ) &#x2264; y 1 y 3 &#x2212; &#x2009; 0.3 ( &#x2212; 1.33 + 2.65 t ) &#x2264; 0 &#x2264; y 1 &#x2212; 0.3 ( &#x2212; 1.33 + 2.65 t ) &#x2212; 1.5355 t 2 + 0.70147 t &#x2212; 0.100447 &#x2264; 0 &#x2264; 1.06477 t 2 &#x2212; 1.83271 t + 0.789375 We then would have to find the local minimum or maximum of these parabolas to determine if the inequality is satisfied, keeping in mind that t &#x2208; [0,1] for the parabolas. We would have to do this for the H 2 , H 3 , and H 4 curves as well. Similarly, we need to ensure that the left and right lines, L 4 and L 2 respectively, bound the x value of the transformation for every given y value in the transformation. Verification of the other inequalities is left to the reader. 12.2.11 For b &#x003D; 0, the map reduces to a one-dimensional map after one iteration. x 1 &#x2009; = &#x2009; y 0 + 1 &#x2212; a x n 2 y 1 &#x2009; = &#x2009; ( 0 ) x 0 = 0 x n &#x2009; + &#x2009; 1 &#x2009; = &#x2009; y n + 1 &#x2212; a x n 2 = 1 &#x2212; a x n 2 y n &#x2009; + 1 &#x2009; = &#x2009; 0 &#x2009; &#x2009; &#x2009; &#x2009; &#x2009; for &#x2009; &#x2009; n &#x2260; 0 From then on, y n &#x003D; 0, making x n &#x002B;1 effectively a function of x n only. 12.2.13 A cursory investigation of the area preserving the H&#x00E9;non map doesn&#x2019;t reveal much. Some iterations of a square centered at the origin are graphed below. 12.2.15 x n &#x2009; + &#x2009; 1 = &#x2009; 1 + y n &#x2212; a | x n | y n &#x2009; + &#x2009; 1 = &#x2009; b x n J &#x2009; = &#x2009; ( &#x00B1; a 1 b 0 ) &#x2009; &#x2009; &#x2009; &#x2009; &#x2009; &#x2009; det ( J ) &#x2009; = &#x2009; &#x2212; b So the Lozi map contracts areas if |det( J )| &#x003D; |&#x2212; b | &#x003C; 1 &#x21D2; &#x2212;1 &#x003C; b &#x003C; 1. 12.2.17 x n &#x2009; + &#x2009; 2 &#x2009; = &#x2009; 1 + y n &#x2009; + &#x2009; 1 &#x2212; a | x n &#x2009; + &#x2009; 1 | &#x2009; &#x2009; &#x2009; &#x2009; &#x2009; y n &#x2009; + &#x2009; 2 &#x2009; = &#x2009; b x n &#x2009; + &#x2009; 1 x n &#x2009; + 2 &#x2009; = &#x2009; 1 + b x n &#x2009; + &#x2009; 1 &#x2212; a | 1 + y n &#x2212; a | x n | | &#x2009; &#x2009; &#x2009; &#x2009; &#x2009; y n &#x2009; + &#x2009; 2 &#x2009; = &#x2009; b ( 1 + y n &#x2212; a | x n | ) x &#x2009; = &#x2009; 1 + b x &#x2212; a | 1 + y &#x2212; a | x | | &#x2009; &#x2009; &#x2009; &#x2009; &#x2009; y &#x2009; = &#x2009; b ( 1 + y &#x2212; a | x | ) 2-cycle points ( x , y ) = &#x2009; ( 1 &#x2212; a &#x2212; b a 2 + ( b &#x2212; 1 ) 2 , &#x2009; b ( 1 + a &#x2212; b ) a 2 + ( b &#x2212; 1 ) 2 ) &#x2009; &#x2009; &#x2009; &#x2009; &#x2009; a &#x003E; 1 &#x2212; b = &#x2009; ( 1 + a &#x2212; b a 2 + ( b &#x2212; 1 ) 2 , &#x2009; b ( 1 &#x2212; a &#x2212; b ) a 2 + ( b &#x2212; 1 ) 2 ) &#x2009; &#x2009; &#x2009; &#x2009; &#x2009; a &#x003E; b &#x2212; 1 but along with the condition that &#x2212;1 &#x003C; b &#x003C; 1, only a &#x003E; 1 &#x2013; b must be satisfied for the fixed points to exist. Linearization A &#x2009; = &#x2009; ( b + a 2 sgn ( x ( 1 + y &#x2212; a | x | ) ) &#x2212; a &#x2009; sgn &#x2212; a b &#x2009; sgn ( x ) b ) A ( 1 &#x2212; a &#x2212; b a 2 + ( b &#x2212; 1 ) 2 , &#x2009; b ( 1 + a &#x2212; b ) a 2 + ( b &#x2212; 1 ) 2 ) &#x2009; = &#x2009; ( b &#x2212; a 2 &#x2212; a a b b ) A ( 1 + a &#x2212; b a 2 + ( b &#x2212; 1 ) 2 , &#x2009; b ( 1 &#x2212; a &#x2212; b ) a 2 + ( b &#x2212; 1 ) 2 ) &#x2009; = &#x2009; ( b &#x2212; a 2 a &#x2212; a b b ) Plugging in the coordinates and solving for |&#x03BB; &#x00B1; | &#x003C; 1 along with the other conditions gives the stable region. | &#x03BB; &#x00B1; | &#x2009; = &#x2009; &#x2212; a 2 + 2 b &#x00B1; a a 2 &#x2212; 4 b 2 &#x003C; 1 &#x2009; &#x2009; &#x2009; &#x2009; &#x2009; &#x2009; &#x2212; 1 &#x003C; b &#x003C; 1 &#x2009; &#x2009; &#x2009; &#x2009; &#x2009; &#x2009; a &#x003E; 1 &#x2212; b 12.3 R&#x00F6;ssler System 12.3.1 a) Finding when the Hopf bifurcation occurs is most easily done with an orbit diagram. b &#x003D; 2 c &#x003D; 4 This"
}